{"matematyka": {"term1": {"answer": [1], "quiz": [2], "test": [3], "interim": 2}, "term2": {"answer": [4], "quiz": [5], "test": [6], "interim": 5, "yearly": 4}}, "chemia": {"term1": {"answer": [2, 3, 5, 4, 6], "quiz": [2, 2, 1, 4, 3], "test": [4, 3], "interim": 3}, "term2": {"answer": [2, 3, 5, 4, 6], "quiz": [2, 3, 2, 1], "test": [4, 3], "interim": 5, "yearly": 3}}, "biologia": {"term1": {"answer": [2, 3, 4, 6], "quiz": [2, 4, 3], "test": [4, 3], "interim": 3}, "term2": {"answer": [2, 3, 5, 4, 6], "quiz": [2, 2, 4, 4, 4, 4, 3], "test": [4, 3], "interim": 5, "yearly": 2}}, "fizyka": {"term1": {"answer": [2, 3, 5, 4, 6], "quiz": [2, 2, 1, 4, 3], "test": [4, 3, 2, 2], "interim": 3}, "term2": {"answer": [2], "quiz": [2, 2, 1, 4, 3], "test": [4, 3], "interim": 5, "yearly": 4}}, "j\u0119zyk polski": {"term1": {"answer": [2, 2, 1, 1, 1, 1], "quiz": [1, 1, 2], "test": [1, 2, 1, 1], "interim": 1}, "term2": {"answer": [2, 1, 1, 1], "quiz": [2, 2, 1, 4, 3], "test": [4, 3], "interim": 5, "yearly": 4}}, "historia": {"term1": {"answer": [1, 2, 4, 6], "quiz": [2, 2, 1, 1, 3], "test": [4, 3, 1, 2], "interim": 2}, "term2": {"answer": [2, 3, 2], "quiz": [2, 2, 1, 1, 3], "test": [4, 3, 5], "interim": 3, "yearly": 3}}, "Plastyka": {"term1": {"answer": [], "quiz": [], "test": [], "interim": 0}, "term2": {"answer": [], "quiz": [], "test": [], "interim": 0, "yearly": 0}}, "WF": {"term1": {"answer": [], "quiz": [], "test": [], "interim": 0}, "term2": {"answer": [], "quiz": [], "test": [], "interim": 0, "yearly": 0}}, "Informatyka": {"term1": {"answer": [], "quiz": [], "test": [6], "interim": 0}, "term2": {"answer": [], "quiz": [], "test": [], "interim": 0, "yearly": 0}}}